product_id;product_name;category;price
101;Product 101;Electronics;182.47404444588898
102;Product 102;Appliances;112.87004594851604
103;Product 103;Electronics;453.0027732410779
104;Product 104;Electronics;225.0629327862532
105;Product 105;Appliances;285.06266434066197
106;Product 106;Appliances;485.42820910594935
107;Product 107;Electronics;205.69536184894866
108;Product 108;Clothing;388.88446469252756
109;Product 109;Appliances;224.0013814963195
110;Product 110;Electronics;427.47178728208445
111;Product 111;Furniture;360.8344434732421
112;Product 112;Electronics;450.44281442740606
113;Product 113;Electronics;475.5274765392291
114;Product 114;Furniture;322.4309790622899
115;Product 115;Clothing;275.49573419670327
116;Product 116;Toys;224.8726209389522
117;Product 117;Furniture;398.16472982184393
118;Product 118;Electronics;319.0744295106662
119;Product 119;Toys;465.69482314005757
120;Product 120;Appliances;372.879562866903
121;Product 121;Furniture;76.85847857503104
122;Product 122;Appliances;325.2344109345385
123;Product 123;Appliances;396.7694457911794
124;Product 124;Electronics;370.02091485231097
125;Product 125;Clothing;215.6964145761282
126;Product 126;Clothing;136.04895233243843
127;Product 127;Clothing;158.99208007663242
128;Product 128;Toys;85.50125687901541
129;Product 129;Clothing;94.96105773579987
130;Product 130;Furniture;237.98934399108396
131;Product 131;Clothing;248.01890915009224
132;Product 132;Appliances;204.20838779200648
133;Product 133;Appliances;469.50616483272495
134;Product 134;Clothing;389.18058322377027
135;Product 135;Clothing;313.05813375391676
136;Product 136;Clothing;329.2727747345649
137;Product 137;Toys;390.82880839659737
138;Product 138;Appliances;175.84181990337964
139;Product 139;Clothing;492.8258668821271
140;Product 140;Electronics;344.5602554624831
141;Product 141;Furniture;59.818941404513666
142;Product 142;Clothing;374.0655856095986
143;Product 143;Furniture;64.43564226995771
144;Product 144;Appliances;103.17334749102473
145;Product 145;Clothing;455.7592306191375
146;Product 146;Appliances;206.02975089655448
147;Product 147;Clothing;317.0554874618395
148;Product 148;Clothing;351.7470465772912
149;Product 149;Appliances;386.6436436395271
150;Product 150;Electronics;420.81439048541415
151;Product 151;Clothing;419.3561507884967
152;Product 152;Furniture;160.61335806678528
153;Product 153;Electronics;130.4480013078855
154;Product 154;Furniture;477.9780795360938
155;Product 155;Furniture;479.2273205977345
156;Product 156;Toys;197.79288702030735
157;Product 157;Electronics;267.25990140013187
158;Product 158;Appliances;367.736236899579
159;Product 159;Appliances;162.15650727314193
160;Product 160;Clothing;196.08415269496797
161;Product 161;Toys;394.64977925098407
162;Product 162;Appliances;149.76558286964894
163;Product 163;Appliances;80.68391305973255
164;Product 164;Appliances;262.35205314690535
165;Product 165;Furniture;216.94775113670957
166;Product 166;Electronics;286.07213849744096
167;Product 167;Toys;285.06205140377403
168;Product 168;Clothing;449.6863098882152
169;Product 169;Toys;338.10170264382174
170;Product 170;Toys;146.98810126440208
171;Product 171;Electronics;149.00320543606267
172;Product 172;Clothing;258.1342690742897
173;Product 173;Toys;270.12566573299506
174;Product 174;Electronics;69.55312130816586
175;Product 175;Appliances;472.3617382384817
176;Product 176;Clothing;219.80233602953663
177;Product 177;Electronics;329.3081027377334
178;Product 178;Clothing;135.93019961601448
179;Product 179;Clothing;477.6529992524207
180;Product 180;Electronics;334.0976112345257
181;Product 181;Appliances;139.72011627365794
182;Product 182;Electronics;410.3872439662637
183;Product 183;Appliances;457.8507724215807
184;Product 184;Electronics;291.7250812627782
185;Product 185;Toys;304.71033592746767
186;Product 186;Furniture;187.84555544809965
187;Product 187;Electronics;362.6860668188974
188;Product 188;Appliances;423.576299802919
189;Product 189;Clothing;57.113772116212004
190;Product 190;Appliances;116.36100221150423
191;Product 191;Clothing;329.61457396403733
192;Product 192;Clothing;320.30056017271295
193;Product 193;Electronics;275.52875644830544
194;Product 194;Toys;376.21154169316566
195;Product 195;Furniture;85.53206847813458
196;Product 196;Furniture;85.58645218740384
197;Product 197;Furniture;87.42369148833825
198;Product 198;Clothing;379.9705443029763
199;Product 199;Appliances;334.09876795583216
200;Product 200;Furniture;387.7853314141512
201;Product 201;Toys;427.3113734612414
202;Product 202;Electronics;489.59316934719146
203;Product 203;Appliances;299.408658676792
204;Product 204;Toys;360.05738344750426
205;Product 205;Appliances;191.68475031465476
206;Product 206;Electronics;465.8358178961202
207;Product 207;Toys;67.34967904022915
208;Product 208;Toys;456.87936009860596
209;Product 209;Appliances;425.50173566202807
210;Product 210;Clothing;102.78100585078401
211;Product 211;Clothing;459.6523999033255
212;Product 212;Toys;450.76189670662137
213;Product 213;Appliances;81.8799260370527
214;Product 214;Appliances;362.7699888233767
215;Product 215;Electronics;93.1370058298226
216;Product 216;Clothing;390.88248018839664
217;Product 217;Clothing;276.5003369447634
218;Product 218;Electronics;127.90667942719884
219;Product 219;Clothing;177.2363064229899
220;Product 220;Furniture;449.3189764688043
221;Product 221;Toys;362.23426336881573
222;Product 222;Furniture;83.53548017406084
223;Product 223;Clothing;187.61446969212267
224;Product 224;Appliances;278.4116522682092
225;Product 225;Appliances;247.38419909470392
226;Product 226;Furniture;457.400653392776
227;Product 227;Toys;369.59789348916695
228;Product 228;Clothing;410.51566376503087
229;Product 229;Electronics;473.63605074070136
230;Product 230;Electronics;64.48566183120481
231;Product 231;Electronics;190.2616307798658
232;Product 232;Toys;343.71211918661464
233;Product 233;Electronics;427.73811889398
234;Product 234;Electronics;193.13216616941796
235;Product 235;Electronics;219.24669286661444
236;Product 236;Clothing;155.087705028226
237;Product 237;Furniture;422.4498616557039
238;Product 238;Toys;315.8730892224784
239;Product 239;Toys;134.11090310504414
240;Product 240;Toys;417.4303274383984
241;Product 241;Appliances;413.90412714996535
242;Product 242;Clothing;204.53643528617027
243;Product 243;Furniture;53.55498179239943
244;Product 244;Electronics;140.62324071953094
245;Product 245;Electronics;56.194889718898864
246;Product 246;Appliances;62.149009673265496
247;Product 247;Clothing;397.3077516188489
248;Product 248;Furniture;406.5380994442795
249;Product 249;Appliances;447.174729417085
250;Product 250;Appliances;186.47761312363957
251;Product 251;Appliances;479.513227188197
252;Product 252;Toys;358.74569755373756
253;Product 253;Furniture;99.52316956564053
254;Product 254;Toys;74.2902435184061
255;Product 255;Furniture;227.93774284912973
256;Product 256;Toys;102.78320724275468
257;Product 257;Clothing;343.2878408102561
258;Product 258;Furniture;214.49006822830512
259;Product 259;Appliances;132.09928141482396
260;Product 260;Electronics;143.9279171200908
261;Product 261;Electronics;382.63794146371146
262;Product 262;Electronics;299.35993777692266
263;Product 263;Electronics;90.35075441030773
264;Product 264;Clothing;210.07686732124426
265;Product 265;Appliances;210.71770856285698
266;Product 266;Electronics;283.88212137467156
267;Product 267;Appliances;145.94025524579922
268;Product 268;Toys;217.52451285750078
269;Product 269;Toys;409.90474533967495
270;Product 270;Toys;254.39735476015892
271;Product 271;Clothing;349.55189737223714
272;Product 272;Furniture;189.61232063384878
273;Product 273;Furniture;374.78072181272347
274;Product 274;Electronics;136.55116350549105
275;Product 275;Furniture;93.21553778920725
276;Product 276;Furniture;329.2153277723232
277;Product 277;Appliances;65.7624700822133
278;Product 278;Electronics;449.807882009905
279;Product 279;Electronics;137.4106800456336
280;Product 280;Toys;187.36969568372592
281;Product 281;Clothing;246.8820451168651
282;Product 282;Electronics;113.66187578297443
283;Product 283;Electronics;379.0981175802423
284;Product 284;Clothing;413.60856945632753
285;Product 285;Furniture;303.08414228548656
286;Product 286;Furniture;130.66542375529582
287;Product 287;Appliances;243.14268840249383
288;Product 288;Toys;119.09252527011505
289;Product 289;Toys;420.6686760331597
290;Product 290;Electronics;323.0019442691713
291;Product 291;Appliances;441.4067876334298
292;Product 292;Clothing;491.61795534569563
293;Product 293;Furniture;227.97327068859815
294;Product 294;Appliances;85.28870135902801
295;Product 295;Furniture;351.0658010678197
296;Product 296;Clothing;206.01093292035793
297;Product 297;Electronics;337.0937705041524
298;Product 298;Appliances;249.42177795905403
299;Product 299;Electronics;58.251235894183786
300;Product 300;Furniture;338.99907630234577
301;Product 301;Furniture;420.67212317055487
302;Product 302;Electronics;237.30762362908405
303;Product 303;Toys;242.55193182671883
304;Product 304;Appliances;72.41498570517469
305;Product 305;Furniture;454.83958694140176
306;Product 306;Furniture;254.16218488958685
307;Product 307;Electronics;232.41663479063686
308;Product 308;Toys;396.2640979920259
309;Product 309;Toys;429.2575581517611
310;Product 310;Toys;239.11584579357125
311;Product 311;Toys;223.47215028406075
312;Product 312;Toys;298.6725666141905
313;Product 313;Electronics;230.51248223911267
314;Product 314;Furniture;422.3872443966238
315;Product 315;Appliances;248.09943450160767
316;Product 316;Furniture;88.02766377221091
317;Product 317;Electronics;187.3685784217408
318;Product 318;Electronics;138.99688439367654
319;Product 319;Clothing;434.4537185853031
320;Product 320;Toys;336.24748845295943
321;Product 321;Electronics;369.9500678444579
322;Product 322;Furniture;298.204617845911
323;Product 323;Furniture;145.5026782571459
324;Product 324;Clothing;182.62468750793082
325;Product 325;Furniture;191.5772853734636
326;Product 326;Electronics;339.3916522387459
327;Product 327;Appliances;474.129407094899
328;Product 328;Clothing;480.6722894813757
329;Product 329;Furniture;299.824006841131
330;Product 330;Furniture;233.6424165249268
331;Product 331;Toys;94.86268509092272
332;Product 332;Clothing;251.528579374486
333;Product 333;Electronics;356.5322609737714
334;Product 334;Electronics;459.4066374685151
335;Product 335;Electronics;397.83101349502505
336;Product 336;Furniture;235.48380370162656
337;Product 337;Electronics;378.1327961666256
338;Product 338;Electronics;431.8997953304549
339;Product 339;Furniture;57.386602611291295
340;Product 340;Appliances;53.27685062096155
341;Product 341;Toys;152.54389534017798
342;Product 342;Toys;344.6737054658991
343;Product 343;Furniture;195.65684730164867
344;Product 344;Electronics;75.09596709853673
345;Product 345;Furniture;165.38352820599334
346;Product 346;Furniture;104.16300293186217
347;Product 347;Appliances;73.64197669273969
348;Product 348;Clothing;489.06137057406926
349;Product 349;Toys;105.84467514757188
350;Product 350;Clothing;218.5383089910701
351;Product 351;Toys;428.8048797058283
352;Product 352;Electronics;126.53946848203829
353;Product 353;Furniture;116.81300944607328
354;Product 354;Toys;203.85299954671692
355;Product 355;Appliances;464.73752867950475
356;Product 356;Clothing;368.1762034603137
357;Product 357;Toys;234.62160425846557
358;Product 358;Appliances;230.045489772295
359;Product 359;Clothing;344.56430827702707
360;Product 360;Toys;212.66779132964288
361;Product 361;Clothing;119.65757298908443
362;Product 362;Furniture;290.07773191777596
363;Product 363;Electronics;455.6959040468346
364;Product 364;Clothing;132.11576547322176
365;Product 365;Toys;374.41322299541093
366;Product 366;Appliances;146.67657205473054
367;Product 367;Electronics;105.07741134327216
368;Product 368;Electronics;395.1117927896354
369;Product 369;Appliances;327.5858517920766
370;Product 370;Toys;375.78484803514976
371;Product 371;Electronics;75.09965941503428
372;Product 372;Furniture;172.4171770977344
373;Product 373;Electronics;323.7295057768035
374;Product 374;Electronics;406.56302419388896
375;Product 375;Electronics;141.83678096976936
376;Product 376;Toys;400.90699662942654
377;Product 377;Electronics;316.4372416500098
378;Product 378;Appliances;70.78206316459077
379;Product 379;Toys;475.2072431641051
380;Product 380;Toys;313.5975301613354
381;Product 381;Furniture;321.64498242938663
382;Product 382;Electronics;197.6709973404214
383;Product 383;Furniture;80.33648270669705
384;Product 384;Toys;299.7053839436793
385;Product 385;Clothing;98.15966690975003
386;Product 386;Furniture;336.5947714875412
387;Product 387;Furniture;333.7291879909516
388;Product 388;Electronics;108.95892877229093
389;Product 389;Toys;109.58299413699042
390;Product 390;Appliances;335.99368701816456
391;Product 391;Clothing;202.07439852879457
392;Product 392;Appliances;155.2544111277839
393;Product 393;Electronics;150.99538913816747
394;Product 394;Toys;337.86919776063087
395;Product 395;Toys;112.85100425121011
396;Product 396;Toys;161.4709622741602
397;Product 397;Appliances;65.26026487928536
398;Product 398;Electronics;478.19766753762616
399;Product 399;Appliances;358.16641375986217
400;Product 400;Appliances;154.1694873041012
401;Product 401;Electronics;272.54875001262025
402;Product 402;Clothing;50.69364389503079
403;Product 403;Electronics;280.44825359369554
404;Product 404;Electronics;200.83341745607603
405;Product 405;Electronics;316.48489908073617
406;Product 406;Appliances;357.4161630083984
407;Product 407;Furniture;211.4152697623305
408;Product 408;Clothing;314.7758228876543
409;Product 409;Electronics;328.83149224587555
410;Product 410;Toys;467.3352142506934
411;Product 411;Electronics;213.73939695736766
412;Product 412;Toys;176.40545085742352
413;Product 413;Electronics;499.56379194825763
414;Product 414;Electronics;252.04744360860036
415;Product 415;Toys;303.03652994724865
416;Product 416;Clothing;218.23566545486264
417;Product 417;Furniture;66.57458439552283
418;Product 418;Appliances;315.2888425711353
419;Product 419;Toys;87.90280579642919
420;Product 420;Furniture;132.4618257726312
421;Product 421;Electronics;397.0905720355665
422;Product 422;Appliances;362.9582272722207
423;Product 423;Electronics;449.7025993853091
424;Product 424;Electronics;323.09664316321016
425;Product 425;Clothing;347.15462805598
426;Product 426;Clothing;270.0249154238135
427;Product 427;Toys;250.55800020694167
428;Product 428;Electronics;154.28208500766124
429;Product 429;Furniture;229.785624466841
430;Product 430;Toys;254.76402518571348
431;Product 431;Electronics;255.17513192508392
432;Product 432;Clothing;409.2732999091119
433;Product 433;Clothing;227.19833381224927
434;Product 434;Furniture;215.0973928329031
435;Product 435;Clothing;203.360797223187
436;Product 436;Appliances;393.72207752729514
437;Product 437;Clothing;423.07199739899164
438;Product 438;Clothing;334.07299036539786
439;Product 439;Toys;86.58519484623122
440;Product 440;Clothing;210.73328176665848
441;Product 441;Clothing;222.0167027014861
442;Product 442;Toys;191.19677971910286
443;Product 443;Furniture;314.682605613395
444;Product 444;Appliances;453.180366176624
445;Product 445;Appliances;424.18093510234337
446;Product 446;Toys;452.2876087387493
447;Product 447;Appliances;147.35406785202326
448;Product 448;Furniture;461.95616592448397
449;Product 449;Appliances;122.44796647130079
450;Product 450;Furniture;239.9536449107865
451;Product 451;Toys;478.72747009121
452;Product 452;Appliances;467.9898927090469
453;Product 453;Toys;77.78087864847862
454;Product 454;Clothing;127.48780416033411
455;Product 455;Electronics;499.6363973295104
456;Product 456;Furniture;478.95632093697554
457;Product 457;Furniture;136.29836432505772
458;Product 458;Appliances;135.85216208202917
459;Product 459;Electronics;310.7881825224033
460;Product 460;Clothing;286.9488501611097
461;Product 461;Furniture;359.912031477481
462;Product 462;Clothing;72.15158766034088
463;Product 463;Furniture;76.86499644722711
464;Product 464;Toys;205.28184445824542
465;Product 465;Furniture;182.58893054383324
466;Product 466;Toys;82.03434036760339
467;Product 467;Toys;423.4357518416459
468;Product 468;Clothing;53.257614549672255
469;Product 469;Appliances;98.96346467251229
470;Product 470;Furniture;284.77734572046086
471;Product 471;Electronics;86.47835718237489
472;Product 472;Clothing;105.71305578093535
473;Product 473;Appliances;247.16504937534512
474;Product 474;Appliances;436.9808953312768
475;Product 475;Toys;105.08730120726605
476;Product 476;Electronics;68.9894179620119
477;Product 477;Appliances;328.5047205611656
478;Product 478;Toys;224.4617170343987
479;Product 479;Electronics;123.78781959985527
480;Product 480;Electronics;144.04840062927104
481;Product 481;Appliances;341.6234339599899
482;Product 482;Clothing;99.86206723532558
483;Product 483;Furniture;202.79094331467283
484;Product 484;Appliances;452.7340495636007
485;Product 485;Appliances;244.70611784258162
486;Product 486;Appliances;68.42512555927269
487;Product 487;Electronics;334.3722435358545
488;Product 488;Toys;248.46864701421686
489;Product 489;Furniture;249.56420652978906
490;Product 490;Appliances;300.30339694068283
491;Product 491;Clothing;246.422069675302
492;Product 492;Furniture;442.95452759420846
493;Product 493;Appliances;322.9943981677926
494;Product 494;Electronics;324.957954249351
495;Product 495;Clothing;431.12245157874935
496;Product 496;Appliances;50.270340088281806
497;Product 497;Furniture;80.1847248532187
498;Product 498;Appliances;249.57582964445254
499;Product 499;Appliances;471.77086323235346
500;Product 500;Clothing;228.74273878688751
501;Product 501;Electronics;85.9181503956969
502;Product 502;Appliances;254.80106959919357
503;Product 503;Toys;143.69463192575319
504;Product 504;Toys;327.9831084835326
505;Product 505;Clothing;298.8721195280794
506;Product 506;Toys;431.93520648062133
507;Product 507;Appliances;159.86908785873572
508;Product 508;Furniture;353.24223660735584
509;Product 509;Furniture;149.388766836186
510;Product 510;Appliances;400.8978126447839
511;Product 511;Appliances;136.8459159547259
512;Product 512;Furniture;125.84380947724634
513;Product 513;Appliances;498.6983276537186
514;Product 514;Clothing;358.48613189303336
515;Product 515;Toys;175.75272427913347
516;Product 516;Toys;315.041721227553
517;Product 517;Electronics;311.72463135004506
518;Product 518;Electronics;379.0544374391695
519;Product 519;Furniture;231.58271731233566
520;Product 520;Clothing;291.2663952292611
521;Product 521;Furniture;403.58812882420244
522;Product 522;Toys;335.19047849644545
523;Product 523;Appliances;423.1253319926131
524;Product 524;Furniture;283.0333444663221
525;Product 525;Furniture;488.84513737116345
526;Product 526;Toys;182.13001707430772
527;Product 527;Furniture;346.1558661016276
528;Product 528;Furniture;74.80174127275673
529;Product 529;Appliances;387.5631520855905
530;Product 530;Toys;409.3034872617989
531;Product 531;Electronics;468.0226772873685
532;Product 532;Clothing;304.3457813349671
533;Product 533;Electronics;189.6392489355821
534;Product 534;Furniture;58.029911275157325
535;Product 535;Appliances;273.686099059767
536;Product 536;Toys;322.8314102708628
537;Product 537;Appliances;499.94321738102263
538;Product 538;Toys;303.5868024823958
539;Product 539;Appliances;392.7162725938677
540;Product 540;Furniture;294.91249247772373
541;Product 541;Toys;122.74436211990745
542;Product 542;Toys;482.36168125234246
543;Product 543;Appliances;250.52132939442603
544;Product 544;Clothing;250.00163020859685
545;Product 545;Toys;153.59117953497162
546;Product 546;Furniture;418.199198418918
547;Product 547;Toys;108.91497667207679
548;Product 548;Electronics;398.22379923058344
549;Product 549;Appliances;466.8620090650276
550;Product 550;Furniture;407.371480519831
551;Product 551;Appliances;357.82387764563236
552;Product 552;Electronics;111.38531969902417
553;Product 553;Furniture;243.6403096439153
554;Product 554;Toys;172.98730955894695
555;Product 555;Electronics;496.18791505841745
556;Product 556;Furniture;306.27426457493203
557;Product 557;Appliances;94.84496427313971
558;Product 558;Toys;153.46622922956368
559;Product 559;Clothing;321.569402359104
560;Product 560;Appliances;249.1606473184808
561;Product 561;Electronics;269.8785791342058
562;Product 562;Appliances;264.65226559394046
563;Product 563;Electronics;452.3220144345199
564;Product 564;Electronics;293.6820995993918
565;Product 565;Appliances;72.8155256330807
566;Product 566;Clothing;181.52415554266594
567;Product 567;Clothing;463.69116785388877
568;Product 568;Electronics;188.76239252991496
569;Product 569;Electronics;178.75599473707294
570;Product 570;Toys;103.23494153538068
571;Product 571;Electronics;129.77426284018657
572;Product 572;Electronics;279.41141441261357
573;Product 573;Electronics;128.25806631733178
574;Product 574;Electronics;221.88694656543205
575;Product 575;Appliances;490.05092787488906
576;Product 576;Toys;59.51672509677651
577;Product 577;Clothing;375.2683341821038
578;Product 578;Toys;469.1578092328847
579;Product 579;Clothing;418.96628216280055
580;Product 580;Toys;163.80245076215903
581;Product 581;Electronics;439.22960864550004
582;Product 582;Furniture;223.16903205456043
583;Product 583;Clothing;185.9554212403807
584;Product 584;Electronics;216.75271472858446
585;Product 585;Clothing;450.7114447456732
586;Product 586;Electronics;103.0982956504661
587;Product 587;Toys;194.54250977871493
588;Product 588;Electronics;227.7314492895462
589;Product 589;Clothing;138.9318592178341
590;Product 590;Toys;187.57731655612568
591;Product 591;Appliances;345.86213820471056
592;Product 592;Appliances;420.55230176993865
593;Product 593;Appliances;251.62626831850275
594;Product 594;Toys;164.89025870483016
595;Product 595;Clothing;321.45688179198237
596;Product 596;Toys;447.7961529165827
597;Product 597;Clothing;141.34551633995804
598;Product 598;Clothing;471.890046981686
599;Product 599;Toys;89.17230602107661
600;Product 600;Electronics;58.669854241675885
601;Product 601;Furniture;255.45215568132872
602;Product 602;Furniture;204.7213822447147
603;Product 603;Electronics;273.60077585336535
604;Product 604;Furniture;168.33696777955726
605;Product 605;Furniture;255.22530967672247
606;Product 606;Clothing;175.86270572699334
607;Product 607;Clothing;181.5313037339264
608;Product 608;Electronics;335.3022201115892
609;Product 609;Clothing;334.9711212522865
610;Product 610;Clothing;136.779003757463
611;Product 611;Toys;437.2461987038826
612;Product 612;Electronics;351.98552594100795
613;Product 613;Toys;135.8723046940599
614;Product 614;Appliances;149.01977524452354
615;Product 615;Appliances;268.28683734086206
616;Product 616;Appliances;397.2899863337549
617;Product 617;Electronics;484.280910484258
618;Product 618;Furniture;449.2843573947924
619;Product 619;Toys;260.30761162206875
620;Product 620;Furniture;363.38244985893806
621;Product 621;Appliances;142.8910250222309
622;Product 622;Furniture;438.67993941893405
623;Product 623;Furniture;182.4642194901497
624;Product 624;Toys;125.12021352066832
625;Product 625;Toys;249.0358754898182
626;Product 626;Toys;455.12306296052395
627;Product 627;Electronics;147.58850699078067
628;Product 628;Electronics;145.74010933726424
629;Product 629;Clothing;376.92655634449676
630;Product 630;Toys;479.4086315951385
631;Product 631;Electronics;355.8835071468278
632;Product 632;Appliances;172.58351200697922
633;Product 633;Appliances;291.1431383703687
634;Product 634;Electronics;186.51326310838726
635;Product 635;Appliances;124.7342563617626
636;Product 636;Electronics;241.85316137533178
637;Product 637;Furniture;213.53482451107533
638;Product 638;Electronics;261.7875819079834
639;Product 639;Clothing;242.63481209483228
640;Product 640;Electronics;336.52091952757246
641;Product 641;Appliances;392.1302326809488
642;Product 642;Electronics;270.14444816252967
643;Product 643;Clothing;207.49985338082095
644;Product 644;Electronics;388.9771542391371
645;Product 645;Toys;137.73155053357632
646;Product 646;Appliances;118.40903389412843
647;Product 647;Clothing;475.5884532950376
648;Product 648;Appliances;141.44200978594918
649;Product 649;Appliances;362.9916701168396
650;Product 650;Appliances;495.0530631206403
651;Product 651;Appliances;324.25276285692127
652;Product 652;Furniture;412.75069009220925
653;Product 653;Furniture;207.01729284965825
654;Product 654;Appliances;271.75290195086563
655;Product 655;Electronics;317.16583218790925
656;Product 656;Furniture;371.17016655404933
657;Product 657;Furniture;352.17235433299226
658;Product 658;Appliances;85.23869723792593
659;Product 659;Furniture;240.51624325588534
660;Product 660;Toys;441.91932165121506
661;Product 661;Appliances;150.61703708966712
662;Product 662;Electronics;463.02561314415385
663;Product 663;Electronics;70.45265485259753
664;Product 664;Furniture;220.04587301816264
665;Product 665;Clothing;456.06693725158084
666;Product 666;Appliances;339.3343434508554
667;Product 667;Electronics;199.52647643296123
668;Product 668;Furniture;146.54666392086062
669;Product 669;Appliances;267.03561858678904
670;Product 670;Appliances;93.7680422535737
671;Product 671;Electronics;497.90450119883656
672;Product 672;Furniture;378.84654862966227
673;Product 673;Appliances;280.4491699839484
674;Product 674;Toys;282.85280768487473
675;Product 675;Clothing;190.3070704111247
676;Product 676;Toys;496.4645526406296
677;Product 677;Furniture;164.9551853133063
678;Product 678;Appliances;448.51131729611967
679;Product 679;Furniture;76.56759902561305
680;Product 680;Appliances;415.25121300418306
681;Product 681;Appliances;200.70648906831218
682;Product 682;Clothing;102.68977042043815
683;Product 683;Furniture;394.5252238185986
684;Product 684;Furniture;200.4973822603781
685;Product 685;Furniture;464.77687298507124
686;Product 686;Electronics;278.6216419684936
687;Product 687;Toys;430.5843130534855
688;Product 688;Electronics;130.70788473917895
689;Product 689;Toys;352.0091759399427
690;Product 690;Furniture;314.237141689478
691;Product 691;Electronics;133.7262720320025
692;Product 692;Furniture;85.3149308535165
693;Product 693;Appliances;91.48228273053385
694;Product 694;Furniture;375.8618608538725
695;Product 695;Appliances;144.57307579897235
696;Product 696;Electronics;285.80379696847297
697;Product 697;Furniture;213.8631863501018
698;Product 698;Clothing;229.20901515746786
699;Product 699;Clothing;187.03436953355185
700;Product 700;Appliances;428.943231092961
701;Product 701;Clothing;90.06577605590702
702;Product 702;Electronics;241.1814710808426
703;Product 703;Toys;348.8086334255695
704;Product 704;Toys;412.98183987201026
705;Product 705;Clothing;213.37219326165982
706;Product 706;Electronics;380.8351764080779
707;Product 707;Furniture;207.11359051314767
708;Product 708;Electronics;100.529952959813
709;Product 709;Clothing;436.95833464144977
710;Product 710;Clothing;389.16258641114354
711;Product 711;Furniture;256.58651545250996
712;Product 712;Furniture;60.21557534735768
713;Product 713;Toys;334.16559964052567
714;Product 714;Toys;354.58310352760816
715;Product 715;Toys;327.1038105615145
716;Product 716;Electronics;245.5762142571429
717;Product 717;Electronics;240.41887382749476
718;Product 718;Furniture;114.9343116196164
719;Product 719;Furniture;335.50465440787303
720;Product 720;Clothing;61.43041057887649
721;Product 721;Toys;375.30878032324574
722;Product 722;Clothing;129.04599744098635
723;Product 723;Electronics;249.4676679655029
724;Product 724;Furniture;182.47014656989415
725;Product 725;Toys;448.96832005264196
726;Product 726;Clothing;172.7214714478241
727;Product 727;Furniture;371.61436761957094
728;Product 728;Electronics;455.849464578446
729;Product 729;Toys;177.724309396848
730;Product 730;Electronics;286.7301362765499
731;Product 731;Furniture;358.50327974706045
732;Product 732;Furniture;192.78921449376793
733;Product 733;Appliances;102.5757681239009
734;Product 734;Clothing;115.08510097800678
735;Product 735;Clothing;348.98406045357814
736;Product 736;Electronics;341.15865100644504
737;Product 737;Toys;84.8729582974789
738;Product 738;Clothing;375.09059059437345
739;Product 739;Furniture;54.68289394736668
740;Product 740;Furniture;477.3022238950396
741;Product 741;Toys;343.6350585400198
742;Product 742;Furniture;139.16369811579247
743;Product 743;Furniture;305.92350335553647
744;Product 744;Furniture;266.6379791719555
745;Product 745;Toys;439.3375500376236
746;Product 746;Clothing;278.57033816553565
747;Product 747;Appliances;117.52713089361303
748;Product 748;Toys;464.726082049571
749;Product 749;Appliances;70.76984440108627
750;Product 750;Furniture;178.85416337890797
751;Product 751;Toys;322.051589315786
752;Product 752;Electronics;491.0908079937059
753;Product 753;Electronics;329.39858800003987
754;Product 754;Clothing;244.31099805001057
755;Product 755;Furniture;491.76693370566755
756;Product 756;Appliances;225.75071131787
757;Product 757;Toys;165.6968974728614
758;Product 758;Clothing;337.7474924568371
759;Product 759;Appliances;136.50630796681043
760;Product 760;Appliances;339.46041290465126
761;Product 761;Toys;419.04834948020044
762;Product 762;Clothing;54.19337804594034
763;Product 763;Toys;392.95009659213224
764;Product 764;Toys;433.6305738701049
765;Product 765;Clothing;287.2687578271281
766;Product 766;Clothing;115.65080228128824
767;Product 767;Electronics;398.5197932838121
768;Product 768;Toys;464.127532230759
769;Product 769;Appliances;409.9850943251113
770;Product 770;Clothing;394.47643445204096
771;Product 771;Clothing;178.15757988339874
772;Product 772;Furniture;198.54755508704122
773;Product 773;Clothing;76.83389136284791
774;Product 774;Clothing;180.2519514393486
775;Product 775;Furniture;387.24323567174156
776;Product 776;Electronics;494.67314174965287
777;Product 777;Clothing;481.4007892139888
778;Product 778;Toys;346.9000105320157
779;Product 779;Furniture;68.16936161575376
780;Product 780;Clothing;339.0100256574845
781;Product 781;Electronics;371.4658795851146
782;Product 782;Furniture;384.4598357741334
783;Product 783;Electronics;410.24672108485055
784;Product 784;Toys;188.4660872980966
785;Product 785;Appliances;154.2041048118611
786;Product 786;Furniture;81.03108789313258
787;Product 787;Electronics;298.7436580050478
788;Product 788;Appliances;308.8476377956105
789;Product 789;Toys;274.0579672000889
790;Product 790;Electronics;117.54942213912489
791;Product 791;Clothing;216.2857830686122
792;Product 792;Clothing;383.83359684634013
793;Product 793;Clothing;350.4217102452792
794;Product 794;Electronics;216.1323908379436
795;Product 795;Toys;181.20635726041226
796;Product 796;Furniture;493.6493391792631
797;Product 797;Electronics;291.73690558578403
798;Product 798;Electronics;219.6719886641969
799;Product 799;Electronics;76.84995496706601
800;Product 800;Clothing;448.8004017597967
801;Product 801;Toys;256.9549665700422
802;Product 802;Clothing;297.5020089124839
803;Product 803;Electronics;373.97242830123446
804;Product 804;Electronics;430.1166486189371
805;Product 805;Clothing;484.50813783020425
806;Product 806;Toys;129.42786963537472
807;Product 807;Appliances;151.5773660712256
808;Product 808;Clothing;364.84447702923796
809;Product 809;Furniture;120.44662768188014
810;Product 810;Furniture;441.88139282693555
811;Product 811;Appliances;342.4974953402787
812;Product 812;Electronics;219.59780231396448
813;Product 813;Furniture;209.5956976063509
814;Product 814;Clothing;404.8860964359832
815;Product 815;Toys;312.0388221965665
816;Product 816;Toys;243.8209902676708
817;Product 817;Electronics;380.19210296301424
818;Product 818;Clothing;290.7354183114763
819;Product 819;Toys;446.0001157549668
820;Product 820;Furniture;305.93058473177086
821;Product 821;Toys;428.88338857898157
822;Product 822;Furniture;139.68324508461
823;Product 823;Furniture;380.2025032352546
824;Product 824;Furniture;176.09408251804078
825;Product 825;Furniture;407.2970171703162
826;Product 826;Toys;171.39067351351196
827;Product 827;Furniture;470.79260580848387
828;Product 828;Furniture;180.03488232301132
829;Product 829;Toys;121.98431063738842
830;Product 830;Toys;160.51742632654089
831;Product 831;Toys;426.19893501497364
832;Product 832;Toys;145.8781834412608
833;Product 833;Clothing;226.3509400584147
834;Product 834;Clothing;435.2571327559111
835;Product 835;Clothing;298.5978880053467
836;Product 836;Electronics;263.5889030231575
837;Product 837;Electronics;227.13063798019996
838;Product 838;Toys;189.09479517752618
839;Product 839;Furniture;313.81378550994094
840;Product 840;Electronics;428.10662144699097
841;Product 841;Appliances;52.15946503498118
842;Product 842;Toys;234.019882333284
843;Product 843;Clothing;304.308602949166
844;Product 844;Furniture;453.5535130984195
845;Product 845;Electronics;408.9785734132338
846;Product 846;Electronics;86.69871043354105
847;Product 847;Furniture;103.75833974676434
848;Product 848;Furniture;216.26776440574693
849;Product 849;Furniture;144.85088610552629
850;Product 850;Appliances;411.0406911178571
851;Product 851;Clothing;109.57205804952002
852;Product 852;Toys;435.1447577770615
853;Product 853;Furniture;209.56494104377109
854;Product 854;Electronics;308.4292416084466
855;Product 855;Electronics;434.2256982239133
856;Product 856;Furniture;311.14416684575826
857;Product 857;Toys;416.1377931623468
858;Product 858;Furniture;390.1718181705221
859;Product 859;Furniture;299.3783237935426
860;Product 860;Toys;365.0205333433837
861;Product 861;Furniture;287.423128435517
862;Product 862;Electronics;415.92472370624546
863;Product 863;Clothing;336.7342714002797
864;Product 864;Appliances;149.8381571275313
865;Product 865;Appliances;153.44081083674365
866;Product 866;Electronics;161.09102510939
867;Product 867;Furniture;403.90783144493906
868;Product 868;Furniture;386.09827057305824
869;Product 869;Toys;388.8765624871324
870;Product 870;Toys;153.6411562311313
871;Product 871;Clothing;315.8507265657168
872;Product 872;Clothing;185.85088879057187
873;Product 873;Appliances;162.94053616952212
874;Product 874;Appliances;129.04976903004268
875;Product 875;Toys;136.91380861777662
876;Product 876;Toys;400.53047879438975
877;Product 877;Appliances;224.24159423550296
878;Product 878;Furniture;359.4500157395713
879;Product 879;Clothing;393.4372517485475
880;Product 880;Furniture;454.5003110165988
881;Product 881;Electronics;339.06748875695195
882;Product 882;Appliances;148.24214973561593
883;Product 883;Electronics;187.3231920101942
884;Product 884;Electronics;82.08412976563963
885;Product 885;Clothing;129.09081160472152
886;Product 886;Clothing;472.6816197509528
887;Product 887;Furniture;477.8872040667938
888;Product 888;Furniture;352.0441560754174
889;Product 889;Furniture;441.2322336617425
890;Product 890;Electronics;350.26191728299443
891;Product 891;Appliances;446.5699970440834
892;Product 892;Toys;202.10945847399105
893;Product 893;Electronics;147.18824297569162
894;Product 894;Appliances;378.8563370504826
895;Product 895;Furniture;316.6270718770575
896;Product 896;Clothing;407.27946593722737
897;Product 897;Electronics;90.22060821366654
898;Product 898;Clothing;274.83879980928407
899;Product 899;Clothing;122.66723025606005
900;Product 900;Furniture;340.62248917027824
901;Product 901;Appliances;445.8127875276403
902;Product 902;Appliances;192.785830211076
903;Product 903;Clothing;197.45248305416274
904;Product 904;Clothing;406.1897721582216
905;Product 905;Appliances;304.0482261301871
906;Product 906;Furniture;444.83685620697565
907;Product 907;Toys;453.80627893294076
908;Product 908;Electronics;263.17172863727114
909;Product 909;Furniture;318.743584789294
910;Product 910;Electronics;163.22778785867303
911;Product 911;Electronics;410.1107222232004
912;Product 912;Appliances;433.8395076340164
913;Product 913;Toys;255.49540251183663
914;Product 914;Electronics;277.1655632082047
915;Product 915;Electronics;311.960414001986
916;Product 916;Furniture;323.9326436427958
917;Product 917;Appliances;211.15909713521012
918;Product 918;Clothing;288.0690120773571
919;Product 919;Appliances;396.2413830886701
920;Product 920;Toys;443.522689466556
921;Product 921;Furniture;459.4823115768226
922;Product 922;Electronics;391.07048962092495
923;Product 923;Furniture;358.3008764238139
924;Product 924;Clothing;154.0755430846861
925;Product 925;Furniture;427.1242926506197
926;Product 926;Toys;372.06557538929735
927;Product 927;Clothing;352.64325377915566
928;Product 928;Toys;286.57476567598223
929;Product 929;Clothing;447.9759575517532
930;Product 930;Toys;108.17500159020705
931;Product 931;Toys;387.97435627973914
932;Product 932;Clothing;163.43290317357133
933;Product 933;Clothing;236.4192226132043
934;Product 934;Clothing;444.87494438862564
935;Product 935;Electronics;341.22819330465023
936;Product 936;Clothing;209.63204982354605
937;Product 937;Appliances;162.9048429746148
938;Product 938;Furniture;219.7923856154448
939;Product 939;Furniture;340.2843313496278
940;Product 940;Toys;174.37248980083558
941;Product 941;Furniture;206.66227980281252
942;Product 942;Appliances;422.3708631250609
943;Product 943;Furniture;488.2780344908045
944;Product 944;Appliances;147.090545480347
945;Product 945;Electronics;99.32153513409621
946;Product 946;Toys;362.1428824453032
947;Product 947;Clothing;188.38882226102965
948;Product 948;Appliances;191.07348684091616
949;Product 949;Appliances;168.60666263434604
950;Product 950;Electronics;441.978095242816
951;Product 951;Electronics;134.79937031026353
952;Product 952;Electronics;330.3807163040155
953;Product 953;Electronics;150.76978862391604
954;Product 954;Toys;362.3556940593948
955;Product 955;Toys;129.98243828255988
956;Product 956;Toys;485.5712315397447
957;Product 957;Toys;214.82739691429506
958;Product 958;Appliances;374.7692182759249
959;Product 959;Clothing;255.73418295456457
960;Product 960;Furniture;141.92988017590434
961;Product 961;Furniture;388.4860844447435
962;Product 962;Electronics;95.83014623076457
963;Product 963;Clothing;94.59573265017946
964;Product 964;Toys;325.09278259186067
965;Product 965;Furniture;404.73006567699395
966;Product 966;Electronics;285.5621824329529
967;Product 967;Toys;498.05070405054397
968;Product 968;Clothing;69.23048126250198
969;Product 969;Clothing;56.09012234394001
970;Product 970;Toys;443.36584984764835
971;Product 971;Furniture;127.4438912965664
972;Product 972;Furniture;237.7814534806354
973;Product 973;Electronics;195.25823325276988
974;Product 974;Appliances;222.76214491162096
975;Product 975;Electronics;370.239045734589
976;Product 976;Electronics;110.33246996164007
977;Product 977;Clothing;298.76343415441437
978;Product 978;Clothing;433.5397094349368
979;Product 979;Toys;332.6070448294655
980;Product 980;Furniture;282.900518018969
981;Product 981;Furniture;269.26722897645834
982;Product 982;Toys;314.3035645660278
983;Product 983;Toys;345.3065580475353
984;Product 984;Clothing;486.35996464261365
985;Product 985;Toys;248.7753483635141
986;Product 986;Toys;50.268009099261654
987;Product 987;Appliances;83.79772786132204
988;Product 988;Furniture;290.3362926749062
989;Product 989;Furniture;266.0675396800475
990;Product 990;Furniture;329.0656745930975
991;Product 991;Clothing;267.7031591951752
992;Product 992;Electronics;58.032932945814665
993;Product 993;Toys;331.7343372193633
994;Product 994;Toys;384.57719793217575
995;Product 995;Clothing;422.7567984574543
996;Product 996;Clothing;223.52992370220247
997;Product 997;Toys;184.0535025047698
998;Product 998;Appliances;179.85106420905703
999;Product 999;Appliances;72.54720471225014
1000;Product 1000;Appliances;254.09545988255118
1001;Product 1001;Clothing;152.14484778382598
1002;Product 1002;Appliances;415.7765901401565
1003;Product 1003;Appliances;242.20096161317065
1004;Product 1004;Appliances;493.16972445188594
1005;Product 1005;Electronics;474.6623827667657
1006;Product 1006;Furniture;437.3658735122797
1007;Product 1007;Appliances;340.7246442336979
1008;Product 1008;Furniture;373.3062688961009
1009;Product 1009;Toys;215.00338059188758
1010;Product 1010;Furniture;155.26792956856275
1011;Product 1011;Furniture;439.56397169616383
1012;Product 1012;Furniture;452.32560963491
1013;Product 1013;Furniture;214.83679181753942
1014;Product 1014;Furniture;174.5612677339027
1015;Product 1015;Appliances;473.78630403945357
1016;Product 1016;Furniture;165.25662352913446
1017;Product 1017;Toys;147.77606715408265
1018;Product 1018;Furniture;232.91058058709933
1019;Product 1019;Clothing;294.1062617362481
1020;Product 1020;Toys;321.609921915989
1021;Product 1021;Electronics;250.42458932641398
1022;Product 1022;Clothing;347.20493984976304
1023;Product 1023;Clothing;219.72930165642467
1024;Product 1024;Clothing;142.5552045853459
1025;Product 1025;Toys;97.18166696442418
1026;Product 1026;Appliances;158.36850694727246
1027;Product 1027;Clothing;277.36015050359657
1028;Product 1028;Toys;397.3739833089982
1029;Product 1029;Toys;231.31416320458501
1030;Product 1030;Appliances;263.58094833213465
1031;Product 1031;Furniture;321.3578276159549
1032;Product 1032;Furniture;98.68887147949094
1033;Product 1033;Clothing;129.47199964990125
1034;Product 1034;Furniture;305.440278621374
1035;Product 1035;Electronics;351.5222828513574
1036;Product 1036;Toys;332.48394803248624
1037;Product 1037;Electronics;261.74691975179576
1038;Product 1038;Clothing;328.2893327118918
1039;Product 1039;Electronics;393.57080299971886
1040;Product 1040;Toys;244.03040198323325
1041;Product 1041;Toys;271.95063106383657
1042;Product 1042;Toys;481.70473108190066
1043;Product 1043;Electronics;99.63699037452508
1044;Product 1044;Clothing;98.45959182576347
1045;Product 1045;Clothing;110.39136015005553
1046;Product 1046;Furniture;162.6711529452273
1047;Product 1047;Electronics;420.13617976641797
1048;Product 1048;Electronics;225.91369266189815
1049;Product 1049;Furniture;307.20837611157134
1050;Product 1050;Furniture;82.42692189065507
1051;Product 1051;Toys;89.86898799905435
1052;Product 1052;Clothing;103.11801720574374
1053;Product 1053;Clothing;74.22948315962122
1054;Product 1054;Furniture;79.09891030990283
1055;Product 1055;Clothing;63.716032044207715
1056;Product 1056;Clothing;188.31208080984524
1057;Product 1057;Clothing;178.03098501388243
1058;Product 1058;Furniture;58.594684455971546
1059;Product 1059;Appliances;119.94362347391927
1060;Product 1060;Appliances;186.93789691775123
1061;Product 1061;Clothing;315.27789812903245
1062;Product 1062;Toys;357.8728651908811
1063;Product 1063;Electronics;224.83311109332212
1064;Product 1064;Clothing;357.91836673194683
1065;Product 1065;Electronics;264.51973680074843
1066;Product 1066;Electronics;137.3466435926361
1067;Product 1067;Toys;352.7372128286464
1068;Product 1068;Electronics;169.70066323220613
1069;Product 1069;Furniture;142.36993885604977
1070;Product 1070;Toys;396.0575114452045
1071;Product 1071;Appliances;83.6327041100082
1072;Product 1072;Electronics;478.63627639324903
1073;Product 1073;Electronics;346.5143633878209
1074;Product 1074;Furniture;473.11369038840667
1075;Product 1075;Clothing;109.52794422990135
1076;Product 1076;Toys;264.3401677210502
1077;Product 1077;Furniture;354.9745432305838
1078;Product 1078;Furniture;174.3573683134955
1079;Product 1079;Furniture;498.0227081593089
1080;Product 1080;Toys;425.52750600114575
1081;Product 1081;Electronics;146.59086826020297
1082;Product 1082;Furniture;217.59329403531092
1083;Product 1083;Clothing;490.7453028541849
1084;Product 1084;Electronics;141.35839135662093
1085;Product 1085;Toys;469.1782295634109
1086;Product 1086;Furniture;62.09174125310717
1087;Product 1087;Electronics;121.88768304156488
1088;Product 1088;Furniture;271.30215756017986
1089;Product 1089;Appliances;194.89621237553447
1090;Product 1090;Furniture;264.9793620765665
1091;Product 1091;Electronics;76.69446197306542
1092;Product 1092;Furniture;51.63266119479217
1093;Product 1093;Furniture;122.19875495599594
1094;Product 1094;Clothing;259.89407027269056
1095;Product 1095;Furniture;184.43833963834263
1096;Product 1096;Clothing;440.46191617357493
1097;Product 1097;Furniture;403.90194426086975
1098;Product 1098;Furniture;438.49304458083634
1099;Product 1099;Electronics;344.60096617555826
1100;Product 1100;Appliances;93.83871350223751