transaction_id;transaction_date;product_id;amount
1;2024-07-06;103;100.04593448648237
2;2024-09-08;106;317.07994430842353
3;2024-07-31;105;309.1910280031249
4;2024-04-10;103;424.3572737591247
5;2024-07-09;101;138.14567220135675
6;2024-04-25;103;414.53623502538323
7;;104;328.2730001801101
8;2024-08-30;106;344.82989737526685
9;2024-10-03;106;126.4100214190481
10;2024-04-06;106;404.42743886749975
11;2024-04-02;106;82.97925763153347
12;2024-03-01;102;90.56805410167597
13;2024-10-14;101;355.3014215599449
14;2024-04-07;101;197.54769807374458
15;2024-06-22;104;433.1145569575669
16;2024-04-08;102;142.32483692665738
17;2024-03-24;103;418.4056333422232
18;2024-10-30;101;348.8656223649709
19;2024-08-27;104;449.2422571213338
20;2024-10-14;106;282.79094047603667
21;2024-08-28;105;331.79092730748476
22;2024-08-13;105;396.20394640093764
23;2024-02-23;104;362.8423078323599
24;2024-08-11;101;105.8517624107649
25;2024-01-11;104;326.9719833783903
26;2024-09-19;101;319.4038767062812
27;2024-08-04;101;469.7367911574175
28;2024-12-19;101;117.95259261280151
29;2024-01-19;103;421.7314528590118
30;2024-06-13;101;481.1865834035277
31;2024-09-26;105;355.79034899562294
32;2024-01-20;102;123.2301046599274
33;2024-03-16;106;391.01072754694894
34;2024-05-11;104;265.328416440874
35;2024-12-25;101;116.97992880321173
36;2024-04-08;105;185.9478052420235
37;2024-03-13;102;238.07955981207942
38;2024-07-02;103;323.64913999078766
39;2024-03-14;101;387.4535582845733
40;2024-07-25;103;266.19447464228983
41;2024-03-10;103;474.91315349507914
42;2024-03-18;102;279.3571492025105
43;2024-12-04;102;334.3634084014405
44;2024-11-16;104;332.2740725295979
45;2024-08-21;105;417.36286706257357
46;2024-03-28;105;208.4815243206931
47;2024-01-29;101;250.0488452885563
48;2024-11-21;106;338.20026007636324
49;2024-08-14;102;477.0354788396268
50;2024-03-14;102;380.8642214318229
51;2024-03-12;105;473.9388894025419
52;2024-01-15;102;496.0015449198154
53;2024-12-03;101;186.84080353505288
54;2024-09-11;103;143.4611820789019
55;2024-11-17;106;61.460893769635234
56;2024-01-10;104;156.62507572149912
57;2024-12-08;101;256.24322501615313
58;2024-03-05;101;420.0368700352836
59;2024-11-03;101;181.64685161197733
60;2024-09-15;102;178.89680268672905
61;2024-09-23;102;314.8059876700899
62;2024-03-24;104;156.76429560722474
63;2024-06-24;105;377.3097691404252
64;2024-05-24;102;350.2669739733224
65;2024-04-23;103;210.5815544203878
66;2024-10-15;102;89.18216646963452
67;2024-11-23;101;120.75180873705975
68;2024-10-01;101;167.81157134609376
69;2024-01-20;102;285.9208963173662
70;2024-08-05;103;189.42324098238362
71;2024-10-29;103;209.37274366907403
72;2024-01-16;105;89.36607827389398
73;2024-12-10;102;414.1640215701288
74;2024-03-31;102;-424.06425592631876
75;2024-11-19;106;112.16709227525038
76;2024-09-13;105;103.0072971032435
77;2024-01-08;103;240.36612828034623
78;2024-03-09;105;306.952213527518
79;2024-02-22;103;-414.73278877770787
80;2024-11-19;105;344.58216301490194
81;2024-11-17;103;171.26009386248705
82;2024-03-14;106;250.9427135473662
83;2024-01-30;102;295.7621935590254
84;2024-07-21;101;396.657606350466
85;2024-05-17;101;136.70297365764173
86;2024-07-10;104;75.18628452118669
87;2024-03-31;106;457.6515244388026
88;2024-07-09;105;272.35449548551196
89;2024-12-19;106;106.00557045917809
90;2024-04-25;102;496.99618773699297
91;2024-05-21;106;397.2160075880406
92;2024-11-19;102;156.01569569393703
93;2024-09-26;104;229.4387013307311
94;2024-06-11;106;112.08459559399293
95;2024-02-05;105;286.8339728548009
96;2024-11-11;102;-182.3644931075683
97;2024-09-09;103;256.6411302275528
98;2024-02-15;106;205.26648938198662
99;2024-12-15;103;236.26444410473547
100;2024-03-09;106;57.31363712795939
101;2024-01-07;105;363.5909305921499
102;2024-05-21;102;188.83109268020704
103;2024-03-16;101;477.3801993208087
104;2024-12-05;102;350.13637485642795
105;2024-03-24;101;196.9053058349449
106;2024-03-23;103;131.38290674411502
107;2024-11-01;102;359.41614616634456
108;2024-12-31;104;279.26670824870064
109;2024-04-28;104;200.00380808359037
110;2024-12-15;101;131.4513408957005
111;2024-05-17;104;217.39111210758955
112;2024-06-18;103;231.12424734860014
113;2024-06-29;106;329.0021617082158
114;2024-08-04;105;447.8708001416364
115;2024-12-28;102;249.3482636986989
116;2024-03-27;103;238.29218606382332
117;2024-07-12;101;219.5459297933867
118;2024-08-06;104;145.88920206784638
119;2024-06-28;101;475.58278449894124
120;2024-11-01;104;399.2595071340886
121;2024-06-19;101;94.4145344486424
122;2024-06-25;106;381.0242307244928
123;2024-06-16;104;326.1710514267506
124;2024-08-21;102;157.238162218554
125;2024-05-04;102;318.747080469396
126;2024-10-01;101;367.33033963813455
127;2024-09-06;105;56.5063459320684
128;2024-10-27;102;-71.49889917660417
129;2024-09-05;106;170.5292488319252
130;2024-07-01;103;252.4865793415002
131;2024-06-01;105;426.59236658502357
132;2024-03-18;104;486.85854658538057
133;2024-08-09;104;261.86922151342947
134;2024-03-14;101;223.2670243219602
135;2024-07-24;102;-468.87920813668507
136;2024-02-13;104;67.47733996987004
137;2024-06-17;105;147.35459838191167
138;2024-07-06;103;363.25093179594666
139;2024-05-25;101;398.28594650019164
140;2024-03-29;102;243.96044955297285
141;2024-10-29;101;457.5884420158747
142;2024-02-17;103;81.49194573987313
143;2024-01-25;101;184.49988781214358
144;2024-06-13;103;107.05504569660772
145;2024-11-11;103;-117.1014479032942
146;2024-02-05;102;259.76996417502295
147;2024-10-13;102;169.28881164129626
148;2024-11-17;103;312.9786162967704
149;2024-01-22;104;298.1342275373191
150;2024-10-08;104;361.9652200927889
151;2024-05-17;101;160.3286991271732
152;2024-01-26;105;324.42978814087706
153;2024-05-05;103;456.0907500016886
154;2024-05-06;104;286.86085603976045
155;2024-02-17;106;75.19559493369245
156;2024-04-21;105;394.4313356216938
157;2024-01-10;101;67.10832913283056
158;2024-12-05;102;278.92785595010776
159;2024-08-26;102;238.35323465435692
160;2024-12-25;101;-72.6312860279528
161;2024-03-18;101;139.8616230561463
162;2024-11-27;105;234.1101844582131
163;2024-03-11;104;-298.4996185549422
164;2024-08-12;104;79.53620544778444
165;2024-01-17;102;487.2853641641475
166;2024-12-21;101;413.20092543376694
167;2024-03-22;106;-350.98968960805774
168;2024-09-02;103;-171.04490572108938
169;2024-11-18;105;480.450306974288
170;2024-11-20;102;221.38301444580506
171;2024-01-10;103;387.7347481708614
172;2024-12-10;105;364.6227387644816
173;2024-01-22;101;194.44888990546164
174;2024-02-27;104;222.70967381248795
175;2024-08-13;102;348.9624261930636
176;2024-11-14;101;183.26839946995983
177;2024-07-07;101;354.565750771778
178;2024-02-06;101;154.76196426730797
179;2024-01-11;105;385.465972181837
180;2024-05-18;106;405.38986755906626
181;2024-08-04;104;131.58929404984926
182;2024-03-14;102;361.01932782042394
183;2024-12-23;103;63.855153476458334
184;2024-01-13;102;91.81550189786982
185;2024-03-24;105;490.30270349135947
186;2024-10-11;104;-372.54678946007823
187;2024-09-05;102;250.84388904482037
188;2024-02-22;105;265.91756944917887
189;2024-12-22;105;431.0752761817045
190;2024-03-24;104;289.7584687318576
191;2024-08-26;105;448.3216449992428
192;2024-06-04;105;186.85709918575552
193;2024-12-30;101;496.5230733485415
194;2024-01-20;101;105.43510423540836
195;2024-06-29;101;114.96761126838916
196;2024-10-24;101;292.4553620559357
197;2024-03-15;104;424.973476642825
198;2024-01-30;104;463.7592749643251
199;2024-12-17;101;173.77557472768757
200;2024-04-07;104;85.90526880629233
201;2024-12-04;101;218.57941993300605
202;2024-11-08;105;325.4064236897336
203;2024-08-01;104;257.61569591742614
204;2024-12-15;102;465.9234645148899
205;2024-02-18;103;253.484355410054
206;2024-09-17;103;60.791002306931546
207;2024-05-31;103;111.38897913151754
208;2024-12-28;106;261.94840465131006
209;2024-05-06;103;258.8271034647956
210;2024-03-29;104;67.22796280062518
211;2024-07-01;106;473.1738426025069
212;2024-08-13;104;292.67134179632916
213;2024-09-23;101;444.54907922012114
214;2024-06-27;106;241.57759959531677
215;2024-07-21;102;454.4780599274927
216;2024-11-09;102;329.370758708096
217;2024-08-25;104;277.17629549853814
218;2024-07-08;103;343.6889658531483
219;2024-08-22;105;428.0335292820354
220;2024-09-14;104;341.1698740287998
221;2024-02-05;101;399.807419892066
222;2024-08-18;106;260.5550894582236
223;2024-03-12;105;206.91454117181377
224;2024-11-27;103;301.13211772711975
225;2024-03-16;103;465.3337767174843
226;2024-04-19;104;336.94428349406434
227;2024-09-10;106;256.13111838288285
228;2024-05-02;101;80.01208799636412
229;2024-11-12;104;277.13256721465314
230;2024-11-24;103;274.82418991806986
231;2024-12-26;102;215.05157836361724
232;2024-09-30;105;207.66903563565566
233;2024-07-15;104;138.1856622496278
234;2024-07-19;102;199.81318170887803
235;2024-02-02;104;441.0727478829702
236;2024-06-24;104;498.38415438700366
237;2024-05-19;106;488.91102217244065
238;2024-03-28;102;468.882451905782
239;2024-02-26;105;84.2145568825502
240;2024-12-16;103;-255.50688285826604
241;2024-07-20;101;374.072983367051
242;2024-03-07;106;352.0193973373561
243;2024-08-18;104;-448.07503201133085
244;2024-02-12;102;206.79198960057863
245;2024-08-29;104;128.08215203054024
246;2024-03-20;105;373.9374068868719
247;2024-05-09;105;404.69101570965347
248;2024-07-11;105;222.41520652403415
249;2024-12-18;101;362.33043621682765
250;2024-05-07;102;480.1949297475512
251;2024-06-01;104;127.3552797559249
252;2024-07-21;102;303.5312428636884
253;2024-04-24;106;-207.30645807258418
254;2024-06-27;101;92.50273047866297
255;2024-10-22;101;302.6364534392106
256;2024-04-08;105;223.41696065107988
257;2024-03-08;105;401.1699015404641
258;2024-04-15;102;252.27553524943784
259;2024-10-24;103;97.93384452120604
260;2024-07-07;105;165.31219944820418
261;2024-06-07;103;195.3712890864427
262;2024-12-08;101;61.46042612774502
263;2024-06-13;105;328.2835653214143
264;2024-05-19;104;498.6916970278131
265;2024-02-26;105;138.31772514938342
266;2024-07-10;104;77.3653937465398
267;2024-09-16;106;322.5016876199461
268;2024-08-18;103;309.07050409642756
269;2024-03-20;103;233.15358175998696
270;2024-11-22;104;290.6339852247446
271;2024-10-25;105;178.71096750146538
272;2024-06-02;103;172.828564708671
273;2024-12-19;106;436.8457651361557
274;2024-03-04;103;213.54943062531265
275;2024-01-10;101;124.36784116346361
276;2024-01-12;103;375.93196129019447
277;2024-05-19;106;107.43076041840644
278;2024-01-12;104;124.63955382767249
279;2024-11-08;105;397.60255789252517
280;2024-06-04;103;200.34943978691413
281;2024-06-15;104;72.98410530894101
282;2024-08-17;103;130.9173214204584
283;2024-01-30;106;114.77808018610706
284;2024-11-22;105;-78.7272537671258
285;2024-04-05;102;150.3886789066816
286;2024-06-27;104;227.441768385892
287;2024-07-03;104;191.3689940054155
288;2024-11-11;104;111.4314024645533
289;2024-10-26;102;184.79179710819955
290;2024-11-01;105;490.5474183485658
291;2024-02-29;105;341.0595310417625
292;2024-01-16;101;216.22666994410525
293;2024-02-08;104;291.7295021587585
294;2024-10-22;106;158.63553433673587
295;2024-04-24;106;401.7907140144585
296;2024-05-26;102;249.61900691620525
297;2024-04-08;102;449.4944200269891
298;2024-03-13;103;351.38750957850993
299;2024-10-31;102;104.3124700580221
300;2024-12-13;102;257.6458025117587
301;2024-11-08;105;299.1912183151226
302;2024-02-05;104;86.62902114289898
303;2024-06-01;101;72.47761835750387
304;2024-02-12;102;300.91969174192275
305;2024-11-05;102;172.55570949720476
306;2024-04-25;106;238.65087310950938
307;2024-07-04;101;123.98098673114474
308;2024-10-03;106;236.81880204968348
309;2024-07-02;103;162.0235073625637
310;2024-05-20;103;475.0088015257645
311;2024-02-15;101;278.0641605507463
312;2024-11-15;103;-394.70934032693384
313;2024-12-08;106;479.4633789844384
314;2024-11-09;106;54.22237826997123
315;2024-01-19;102;366.19588317998955
316;2024-09-05;101;85.20420966774408
317;2024-09-20;103;-433.5510612066776
318;2024-09-07;104;254.12820085864107
319;2024-03-29;101;352.4146028897567
320;2024-04-07;101;364.1418499129525
321;2024-12-24;102;325.9136355280778
322;2024-09-20;103;458.6270657408029
323;2024-05-16;104;418.41386926098966
324;2024-02-27;105;206.6027635504122
325;2024-04-28;102;196.79173817002248
326;2024-09-28;101;453.6831657960331
327;2024-08-29;102;481.48409160945675
328;2024-08-17;101;276.5719141178264
329;2024-12-20;106;-95.30153377818976
330;2024-07-31;105;348.45496208934753
331;2024-01-05;105;470.9604640361251
332;2024-11-25;105;150.71915079536336
333;2024-12-26;104;490.37791578589344
334;2024-01-01;102;346.6464282752333
335;2024-09-14;101;346.7174403567364
336;2024-01-01;104;-113.89106001760868
337;2024-09-06;101;448.89350340409635
338;2024-06-22;106;411.1561160440993
339;2024-10-12;105;281.5675114439757
340;2024-07-27;103;129.2119819388863
341;2024-11-03;104;349.7270051202833
342;2024-06-14;106;101.9859712345728
343;2024-06-05;103;86.97032365402558
344;2024-01-27;106;122.81328188164846
345;2024-03-11;106;474.65321480936564
346;2024-04-03;103;-445.72626544837635
347;2024-01-27;101;98.90478284193262
348;2024-04-09;105;165.6774094870593
349;2024-02-16;102;108.25263697627206
350;2024-01-30;103;103.95686422630348
351;2024-01-19;106;272.1182914434613
352;2024-04-24;105;430.21394745584615
353;2024-07-28;105;315.68252232447765
354;2024-09-14;101;195.49508612781003
355;2024-10-13;104;65.70610658609533
356;2024-08-06;106;208.98170764249036
357;2024-08-19;103;307.0371539554671
358;2024-12-17;106;337.86532437539927
359;2024-04-22;104;358.2674652049678
360;2024-03-15;101;374.4101617157243
361;2024-01-28;106;436.2518014281254
362;2024-01-01;103;396.32104356078895
363;2024-01-22;103;58.41446530130455
364;2024-04-30;102;400.8142704022453
365;2024-11-14;105;118.08616508280367
366;2024-06-28;103;465.1533007472447
367;2024-11-11;101;133.5435329956517
368;2024-12-17;104;81.63021869204935
369;2024-07-13;103;451.36545216058875
370;2024-02-01;101;347.5808099985466
371;2024-12-20;101;294.4952508001186
372;2024-09-02;106;145.90210113203332
373;2024-05-17;105;367.4224677143953
374;2024-04-09;103;278.7369057956921
375;2024-02-05;102;263.1941614608992
376;2024-01-23;105;325.60935011581495
377;2024-05-13;106;377.38138410542444
378;2024-11-27;105;164.756473887001
379;2024-08-30;102;306.4643541102564
380;2024-10-06;105;143.65333377562615
381;2024-06-18;101;360.4862044788225
382;2024-07-20;102;439.8964537345347
383;2024-08-30;105;77.53498566495003
384;2024-06-11;106;77.39354324918384
385;2024-12-14;105;217.7767795313396
386;2024-05-31;104;240.72797722917423
387;2024-07-02;101;487.64831918270346
388;2024-02-20;102;345.00239374076017
389;2024-03-22;105;236.8541158067131
390;2024-09-06;104;354.55838676866284
391;2024-07-04;102;347.55293637997465
392;2024-09-04;101;458.4114006896903
393;2024-06-13;101;154.69718739235498
394;2024-04-13;106;-448.3977301245488
395;2024-04-12;103;310.8443311864799
396;2024-02-09;106;203.38443397015777
397;2024-02-10;101;354.2235684046839
398;2024-03-25;105;367.19743490254297
399;2024-03-21;103;498.70740552660806
400;2024-05-23;106;259.09248033725413
401;2024-03-05;103;282.6380833981028
402;2024-11-24;105;-399.1488599909147
403;2024-09-11;103;449.6947120246707
404;2024-09-10;104;290.0074484605775
405;2024-07-02;106;244.62619790565847
406;2024-08-04;105;179.2388573536758
407;2024-02-23;106;237.66616152260966
408;2024-07-29;104;348.1965578790903
409;2024-07-09;105;368.3512150503685
410;2024-10-26;105;469.3458177799135
411;2024-11-12;103;164.35470924737194
412;2024-09-05;104;161.82976613961625
413;2024-12-18;101;406.4947695623107
414;2024-09-29;105;209.55202534083438
415;2024-12-17;104;275.6651124375401
416;2024-05-10;106;362.2409344304149
417;2024-12-22;104;496.4024158584407
418;2024-01-15;103;224.0201494183643
419;2024-11-22;104;173.1535015775578
420;2024-06-30;106;307.8489016482875
421;2024-06-15;103;-162.7711273643901
422;2024-08-18;102;323.3512902356458
423;2024-11-20;103;143.65365529720532
424;2024-03-18;102;144.76987582585417
425;2024-03-08;103;452.25317974158867
426;2024-12-23;106;453.965660596972
427;2024-05-12;102;320.7433052907586
428;2024-03-10;104;183.939679964686
429;2024-10-13;101;335.54272414443346
430;2024-06-08;105;151.4158389164256
431;2024-07-01;102;427.8447363906196
432;2024-11-16;106;162.55559912033743
433;2024-04-11;106;454.57284300059456
434;2024-06-30;101;252.56142952970325
435;2024-02-28;102;225.80191631819176
436;2024-08-01;106;376.84414302931975
437;2024-03-15;103;293.41997122354405
438;2024-09-08;101;200.82140525661777
439;2024-06-13;104;97.26866649799575
440;2024-06-18;102;110.21660561817536
441;2024-05-14;104;282.3626011840548
442;2024-09-19;104;485.2351702984822
443;2024-03-19;102;189.8411903061591
444;2024-10-19;106;360.42315786551717
445;2024-07-16;101;172.9395702760254
446;2024-01-20;106;344.7756603948488
447;2024-08-25;102;255.32756410379633
448;2024-11-10;101;397.2747628230827
449;2024-08-22;102;444.49043991312595
450;2024-06-09;105;54.372781094818194
451;2024-09-08;102;58.54133982232108
452;2024-06-11;106;238.84036249819897
453;2024-08-03;105;91.54501607799028
454;2024-05-15;103;67.85457966151046
455;2024-06-18;104;151.10849050732753
456;2024-11-07;106;415.16149657051534
457;2024-05-06;101;477.0597230101284
458;2024-06-08;101;487.5215797564272
459;2024-06-24;104;58.890662590011495
460;2024-01-06;103;429.34716175782887
461;2024-07-23;103;290.0336408959431
462;2024-05-02;106;417.28324101596303
463;2024-04-12;103;196.94123126649203
464;2024-03-20;103;344.3550325942106
465;2024-04-01;102;383.0097370495666
466;2024-01-14;106;387.17828680462884
467;2024-12-31;105;330.0874503164422
468;2024-12-07;101;361.65348085233626
469;2024-04-15;105;304.53099426846643
470;2024-12-04;105;94.7532643744557
471;2024-01-08;104;484.2009625319313
472;2024-10-01;106;482.5301893494027
473;2024-01-22;102;422.4778444557067
474;2024-12-11;106;185.98927497586072
475;2024-06-26;101;162.15467962858634
476;2024-02-17;104;302.6911605674285
477;2024-07-05;106;279.1828054726551
478;2024-01-02;102;309.20950612929676
479;2024-03-20;103;488.10327746335935
480;2024-09-01;104;261.93437636458174
481;2024-09-05;101;307.7519650957616
482;2024-07-28;105;152.65008186587104
483;2024-10-10;101;376.46919291691586
484;2024-04-12;106;256.7428405068629
485;2024-05-31;105;478.99727198115266
486;2024-04-16;104;90.20186508027814
487;2024-12-10;102;120.58186628029816
488;2024-08-19;106;-62.94846323956565
489;2024-05-10;101;108.85648615509976
490;2024-03-31;101;63.84797982392509
491;2024-11-23;102;328.8779441557216
492;2024-01-28;103;63.551700757265564
493;2024-04-19;101;-282.6610149076904
494;2024-12-20;106;70.88019025682485
495;2024-06-18;106;287.46202589552
496;2024-10-03;106;405.4590332271408
497;2024-02-08;103;496.72719871725343
498;2024-04-30;102;366.8377990950388
499;2024-02-10;103;473.3949928332359
500;2024-10-01;105;232.87703949787058
501;2024-05-09;102;180.07021133739093
502;2024-02-01;102;481.68851004906406
503;2024-01-09;103;120.73112579223343
504;2024-12-15;105;340.4561403561205
505;2024-12-29;105;263.098268056144
506;2024-08-03;102;224.12807375685674
507;2024-07-26;103;363.36667493677976
508;2024-06-05;102;51.37941757645426
509;2024-05-04;102;203.69588549287278
510;2024-10-07;105;417.1493943361719
511;2024-07-06;102;346.1996408826518
512;2024-08-27;102;493.05872516055376
513;2024-10-05;101;167.62077893037446
514;2024-04-19;103;364.7100576842486
515;2024-02-19;103;150.62986136672805
516;2024-04-14;101;163.42969861745638
517;2024-10-07;106;77.77546975455566
518;2024-01-13;102;348.9220074715113
519;2024-09-20;102;349.9986866053837
520;2024-09-19;102;97.63152911955142
521;2024-12-19;103;95.18904643732301
522;2024-09-14;106;217.73249656859002
523;2024-07-13;101;258.29129754630253
524;2024-08-23;105;478.3509198099664
525;2024-05-28;104;416.61212731864026
526;2024-02-16;106;219.0258455107138
527;2024-08-23;103;92.50716366810451
528;2024-02-15;103;437.57111115736507
529;2024-09-16;102;163.3078024942273
530;2024-10-13;104;166.11891338876984
531;2024-09-18;102;477.9737305466233
532;2024-01-30;103;463.5628848379954
533;2024-03-26;102;-403.2634627025044
534;2024-11-14;103;63.75069059984541
535;2024-02-01;103;372.7483266267547
536;2024-06-26;105;236.84604393206678
537;2024-11-09;105;448.040848886936
538;2024-03-13;101;133.59186395090285
539;2024-03-02;106;-434.3302643745322
540;2024-03-24;106;341.02273982020796
541;2024-11-25;106;256.4137663621749
542;2024-03-02;103;421.47948048166506
543;2024-03-27;103;58.741719338205115
544;2024-12-10;105;264.14707132276874
545;2024-02-25;106;219.41269241601307
546;2024-06-28;106;354.93805361748525
547;2024-11-06;105;375.00570270984986
548;2024-05-14;104;175.89787773669386
549;2024-07-27;105;-255.29877079822532
550;2024-09-04;106;108.49078124411093
551;2024-11-15;104;277.77420902654603
552;2024-03-02;103;227.53509447728558
553;2024-09-03;104;423.72082306167084
554;2024-07-24;103;90.19037790234037
555;2024-04-25;101;147.01824424518082
556;2024-09-17;101;361.6144777737866
557;2024-03-26;106;460.728133349828
558;2024-01-30;103;104.40124744775272
559;2024-10-02;104;211.7745211318124
560;2024-11-02;105;466.7294250075265
561;2024-08-25;101;306.4380262701097
562;2024-10-29;103;120.53159975428517
563;2024-11-22;103;430.45565168199204
564;2024-10-24;105;286.0368392479162
565;2024-01-21;106;145.86844774420982
566;2024-02-25;105;157.45164772469678
567;2024-02-14;102;91.93872340700696
568;2024-04-14;103;493.1223017393476
569;2024-04-25;101;125.67304195027295
570;2024-05-03;106;54.74219530670025
571;2024-02-22;103;176.99847070056228
572;2024-07-17;104;120.41336982115516
573;2024-10-22;106;178.72920837535733
574;2024-04-18;101;185.34022115109204
575;2024-05-10;101;55.8334874785159
576;2024-03-02;103;412.9746501881345
577;2024-06-16;103;315.58509742305824
578;2024-04-14;104;424.75702104220346
579;2024-02-23;103;463.3857571170286
580;2024-03-15;104;251.24717359332132
581;2024-04-26;101;82.31183001501621
582;2024-07-31;103;132.86726112482822
583;2024-10-26;105;254.73344381240884
584;2024-03-16;104;395.90350034261013
585;2024-10-15;101;334.91971857953416
586;2024-08-12;101;473.9065234063237
587;2024-01-06;101;177.9840665738004
588;2024-04-01;104;299.0611588325453
589;2024-03-03;106;169.51805969631687
590;2024-05-01;106;92.98495799480665
591;2024-02-25;105;183.0196049419339
592;2024-09-26;105;417.55456345768164
593;2024-02-19;106;406.64978647251274
594;2024-01-04;103;492.3675448129031
595;2024-05-08;106;269.05505041401204
596;2024-02-21;101;461.27155832177397
597;2024-03-22;102;174.04208079355882
598;2024-02-18;104;345.99032041761734
599;2024-12-02;101;174.66413051691717
600;2024-07-16;101;146.20548897345748
601;2024-06-27;103;179.5357949795357
602;2024-06-12;104;374.47590594187227
603;2024-03-22;106;354.5830642073104
604;2024-10-03;101;292.85112149785243
605;2024-06-04;101;345.82861322347685
606;2024-04-19;105;421.9194845206533
607;2024-12-31;102;401.6793196732984
608;2024-03-04;104;112.78218191256738
609;2024-03-31;104;87.07242764820965
610;2024-06-22;105;68.73305906859689
611;2024-02-14;102;443.26576918484204
612;2024-01-27;105;318.1773074354711
613;2024-02-25;106;294.9802053255509
614;2024-11-13;104;360.22633198037096
615;2024-01-29;103;429.90507796474856
616;2024-03-16;103;363.01781475306876
617;2024-04-28;106;83.18589428529624
618;2024-04-10;106;203.65935034214024
619;2024-05-08;104;168.78062507621615
620;2024-02-28;105;318.76029273308944
621;2024-06-19;103;217.28832809909105
622;2024-08-21;102;441.2072448305999
623;2024-07-03;103;-407.8032169638434
624;2024-11-29;105;-456.3929053474107
625;2024-01-31;103;410.1428129160562
626;2024-07-21;103;427.9880279027299
627;2024-08-02;106;493.13611987978703
628;2024-12-19;105;450.8479257775984
629;2024-02-27;106;326.54641331731085
630;2024-05-13;103;169.18537026478586
631;2024-03-08;104;142.5624094899336
632;2024-04-09;103;110.91808871804247
633;2024-02-14;101;298.4700832923787
634;2024-12-19;102;244.4432281831465
635;2024-04-02;101;239.7260286418877
636;2024-05-07;101;179.81618688406405
637;2024-02-17;103;310.29525033610633
638;2024-08-14;101;-459.3714660504816
639;2024-07-16;101;460.07887230750316
640;2024-07-15;103;443.9844952524391
641;2024-06-02;102;350.49707499749945
642;2024-03-29;102;404.83971109459577
643;2024-10-29;104;417.1889266071936
644;2024-08-09;104;234.0933460621406
645;2024-11-04;102;197.2736878625075
646;2024-03-23;101;-327.33492259807605
647;2024-12-27;102;115.2331760382824
648;2024-04-30;101;276.43189793135195
649;2024-02-17;102;181.45818306682554
650;2024-07-24;103;232.1588169762426
651;2024-05-26;102;343.1668153858323
652;2024-12-12;103;274.01863843987064
653;2024-06-26;103;334.87296398293756
654;2024-07-19;104;-391.9193506131151
655;2024-11-11;106;159.53701662907366
656;2024-03-17;103;279.00983589977716
657;2024-09-25;105;71.43039527238413
658;2024-04-25;104;66.15291622600212
659;2024-11-06;106;285.06020446713865
660;2024-05-05;101;137.98783487248852
661;2024-09-18;103;180.2971948517155
662;2024-12-13;105;133.91108570443595
663;2024-08-29;105;265.55669787634156
664;2024-05-25;101;309.5432736636957
665;2024-12-30;101;247.70633786576897
666;2024-09-09;102;491.58295845340035
667;2024-07-31;104;367.97894097129887
668;2024-01-30;105;79.38328224212711
669;2024-02-29;101;221.18844984791616
670;2024-02-06;106;218.7570654346235
671;2024-04-13;101;131.75616582192828
672;2024-06-20;106;356.56402126618974
673;2024-07-21;101;192.64477643991435
674;2024-02-03;101;451.76092772218595
675;2024-09-10;103;282.81168942228857
676;2024-06-21;105;143.07016189846985
677;2024-12-18;103;287.2898843525558
678;2024-04-23;103;389.17158316931796
679;2024-04-15;102;300.90712871348387
680;2024-04-10;102;385.19791824172194
681;2024-09-15;101;251.22235148044686
682;2024-04-17;106;116.78130420318074
683;2024-10-05;102;111.31166777055724
684;2024-11-28;103;73.24916124980894
685;2024-06-15;105;486.24085262192244
686;2024-04-25;101;178.8722460466952
687;2024-03-10;105;116.98046218549268
688;2024-12-25;103;379.88448075980443
689;2024-02-01;102;355.93164127840475
690;2024-11-20;102;372.50793537009423
691;2024-06-13;101;95.59983420848786
692;2024-07-27;105;176.30743574799158
693;2024-07-24;105;414.77941198852807
694;2024-07-21;105;182.6883867874925
695;2024-06-06;101;282.5522399882233
696;2024-04-19;101;359.32631849815016
697;2024-03-10;106;140.25373408000428
698;2024-01-16;101;82.94394926078252
699;2024-08-08;106;344.6815265108536
700;2024-08-12;103;96.26060841268618
701;2024-05-19;105;167.2601155779808
702;2024-10-08;103;413.5891243546027
703;2024-01-11;103;179.98272706912684
704;2024-08-11;106;276.83249880482106
705;2024-02-07;104;136.94299521433572
706;2024-01-07;105;197.24084821088599
707;2024-10-07;102;350.2761493544774
708;2024-02-29;105;-201.99660720314188
709;2024-12-11;104;396.35679409926536
710;2024-09-06;104;304.74279800660736
711;2024-04-11;102;173.6690042785679
712;2024-03-02;103;311.43724504611436
713;2024-06-11;103;461.4648961981678
714;2024-03-07;102;405.1647131936765
715;2024-12-16;101;172.30602821648364
716;2024-01-07;102;-130.33806825125413
717;2024-12-12;103;223.400155756171
718;2024-03-23;104;94.75310183259077
719;2024-12-06;103;242.70203515740448
720;2024-05-28;102;285.6406060794985
721;2024-02-13;101;217.49544514657214
722;2024-10-21;105;345.9580565642062
723;2024-06-01;104;447.98211895108653
724;2024-04-18;102;358.3526942753362
725;2024-10-14;104;217.84743134654232
726;2024-07-14;102;454.6776589508066
727;2024-06-14;103;270.61495878179153
728;2024-05-24;101;61.146949520479126
729;2024-01-29;103;242.28625394169734
730;2024-05-02;101;486.9382168454208
731;2024-01-25;105;120.83615661897252
732;2024-05-03;102;176.07715034102074
733;2024-09-24;104;466.2200864490161
734;2024-06-04;105;189.92242257231473
735;2024-12-03;106;402.4018165795285
736;2024-01-28;101;337.7337370698304
737;2024-09-02;103;439.4259077563913
738;2024-05-06;105;64.02752057761798
739;2024-01-27;106;167.1846087315353
740;2024-12-08;103;52.86068785166573
741;2024-02-24;105;172.37990924886543
742;2024-08-31;105;226.6189123760043
743;2024-11-15;103;307.7864132839036
744;2024-07-27;104;404.7453991173542
745;2024-09-15;105;431.2063894278788
746;2024-11-26;103;196.71844348968503
747;2024-06-20;103;201.97128705032665
748;2024-12-19;104;413.21913632411463
749;2024-01-12;105;282.04890092907567
750;2024-03-16;101;263.31905306417354
751;2024-04-25;103;122.16641432877154
752;2024-05-24;102;303.5033471890107
753;2024-12-04;105;134.87225931729836
754;2024-01-04;103;67.3268995314966
755;2024-03-25;105;315.6413742259057
756;2024-06-01;102;469.87293136731034
757;2024-05-20;102;163.69297979142252
758;2024-05-31;104;62.23208205191271
759;2024-12-12;103;188.57244429863428
760;2024-02-25;101;457.27008501456106
761;2024-05-08;103;162.53475283450177
762;2024-08-13;103;316.234517880411
763;2024-12-21;104;349.6070989182954
764;2024-09-11;102;308.253599311681
765;2024-12-23;102;158.33183187225455
766;2024-03-06;101;92.50502533271965
767;2024-04-14;103;324.5845501635508
768;2024-09-21;103;157.8244880164993
769;2024-05-18;102;164.62855667696329
770;2024-05-10;102;242.86683048797286
771;2024-01-09;106;184.96170080837075
772;2024-08-16;102;301.39187361728193
773;2024-04-21;105;201.05632273599227
774;2024-09-14;106;217.8481595906644
775;2024-06-10;106;381.0199360721027
776;2024-07-12;103;261.2314591703135
777;2024-04-12;106;392.1558807843651
778;2024-09-18;103;94.32192741546297
779;2024-10-20;101;293.54857392020546
780;2024-01-11;106;71.00995690006188
781;2024-11-14;106;330.19652398433686
782;2024-04-18;104;101.64448320030601
783;2024-11-05;101;82.63472633316742
784;2024-03-31;104;486.8022071498814
785;2024-11-01;102;252.64714717958645
786;2024-02-24;103;346.87757742951396
787;2024-02-14;102;306.2469256842302
788;2024-05-08;102;411.07711501962115
789;2024-02-17;101;358.80826935450295
790;2024-02-22;106;237.85504743362054
791;2024-12-20;102;147.09536127358638
792;2024-04-23;103;366.87680211030903
793;2024-06-06;105;337.479956337551
794;2024-02-13;106;190.24236591519173
795;2024-01-03;102;175.621745513154
796;2024-03-11;103;341.2535114398296
797;2024-06-16;104;299.17065010624503
798;2024-09-05;106;185.04817283270637
799;2024-06-02;101;418.68532538442383
800;2024-10-17;106;323.1039793255595
801;2024-01-16;103;311.55643078556494
802;2024-04-24;103;458.6270567699858
803;2024-02-04;106;424.04481403369925
804;2024-11-02;104;467.9467701631093
805;2024-02-14;102;461.5156148332972
806;2024-11-16;102;351.2695544455628
807;2024-09-19;102;290.864683558803
808;2024-06-12;104;443.5987386291913
809;2024-08-13;105;345.166049329637
810;2024-08-03;102;409.6966686503637
811;2024-06-10;106;377.19687327880706
812;2024-04-29;101;444.2430717104742
813;2024-04-27;105;249.65546702992955
814;2024-07-04;103;362.52881187510764
815;2024-10-14;105;-210.92911096983076
816;2024-07-06;102;84.6544763268749
817;2024-12-01;105;173.84730771261763
818;2024-11-25;105;196.11070049435094
819;2024-06-06;103;182.17347522833558
820;2024-08-19;102;319.073238163739
821;2024-10-23;103;388.9588716652743
822;2024-10-07;103;82.25188040360277
823;2024-04-07;106;-147.23929828601493
824;2024-04-04;101;454.21014202287716
825;2024-01-04;102;179.53142073670634
826;2024-04-16;102;113.79329270183791
827;2024-07-06;104;471.32346564388996
828;2024-01-19;104;97.07038758123676
829;2024-01-29;102;249.22783246862994
830;2024-06-20;102;-417.98278092073997
831;2024-09-07;104;59.10390791982955
832;2024-10-29;101;120.69039132614931
833;2024-09-10;106;151.39446186588538
834;2024-12-23;102;382.3065354412753
835;2024-01-25;101;-163.67855702466295
836;2024-08-04;101;473.7378163781142
837;2024-07-28;104;114.95447007576993
838;2024-12-25;105;324.2324212846128
839;2024-02-07;105;161.29048646829486
840;2024-09-06;102;78.99331306081666
841;2024-01-02;105;283.79919983422644
842;2024-03-02;104;324.46285236384097
843;2024-06-01;104;181.13567560981213
844;2024-12-02;106;390.3660798606637
845;2024-09-16;105;267.58235592572737
846;2024-01-27;104;340.5518634771071
847;2024-04-18;104;213.10631114109054
848;2024-03-12;103;447.0355836841541
849;2024-10-19;104;321.06853655924715
850;2024-11-14;102;369.5066374606568
851;2024-10-07;102;489.48828201834385
852;2024-04-08;106;141.20783939662056
853;2024-05-03;102;385.87845819481913
854;2024-09-18;105;278.6805856708417
855;2024-01-17;104;290.5964122173719
856;2024-12-19;106;395.52364376765877
857;2024-12-18;104;241.88550377039277
858;2024-03-20;104;293.4230279779377
859;2024-11-22;104;283.0867847880072
860;2024-01-29;101;243.4004087662096
861;2024-06-22;105;389.79150551216986
862;2024-02-24;105;284.9877293334183
863;2024-01-29;105;176.00588475745604
864;2024-05-03;102;371.4059055505682
865;2024-12-11;106;406.2785689678076
866;2024-10-01;103;189.6741503205641
867;2024-03-08;103;310.26651971233565
868;2024-03-25;104;225.24870958665628
869;2024-08-25;103;116.60232776165878
870;2024-04-02;106;329.5997468428935
871;2024-02-27;101;116.12311917019275
872;2024-09-09;104;297.62448693295005
873;2024-10-09;104;449.59724968722134
874;2024-03-03;105;105.81615470592163
875;2024-09-16;106;383.2637197498002
876;2024-04-19;106;85.6213856215939
877;2024-10-08;104;179.68591329176382
878;2024-07-28;103;74.96039129589974
879;2024-12-21;104;282.14929506649656
880;2024-12-08;105;349.9816370511532
881;2024-09-22;103;335.10211653467644
882;2024-08-23;104;162.02070338971927
883;2024-05-17;102;313.5271610852307
884;2024-03-28;104;449.5431380419277
885;2024-07-18;104;485.95407615066074
886;2024-06-21;105;160.21340195456065
887;2024-02-03;101;157.72251519576662
888;2024-12-20;101;410.1566335738027
889;2024-03-02;106;375.0546053800707
890;2024-01-02;102;220.95582846618822
891;2024-08-21;105;54.682306204797264
892;2024-11-15;103;404.71715033610815
893;2024-08-03;105;-149.18873128710715
894;2024-05-24;102;469.14981650285836
895;2024-02-09;106;236.02265019028505
896;2024-12-05;101;388.83950874808056
897;2024-08-03;103;217.40327011943225
898;2024-11-26;106;113.81311694563861
899;2024-04-01;106;348.29578154750567
900;2024-01-05;104;159.10284616189756
901;2024-07-26;102;264.3370242064177
902;2024-07-12;106;224.9658323199367
903;2024-05-14;106;425.7039122425868
904;2024-03-15;103;81.72478452714304
905;2024-12-22;103;328.70733989449445
906;2024-01-20;102;270.43485974326154
907;2024-10-11;104;89.03666701445366
908;2024-09-10;102;289.03248190966633
909;2024-02-07;102;106.23047806191782
910;2024-07-02;104;497.44095331722264
911;2024-10-25;106;458.49026092314097
912;2024-08-06;104;391.08086439360204
913;2024-01-24;105;349.4160647448528
914;2024-05-16;106;94.27735031436976
915;2024-05-01;102;324.34232999454537
916;2024-05-09;103;157.97790352298503
917;2024-10-20;101;210.04460574860855
918;2024-03-05;102;-411.4911598730393
919;2024-06-15;104;66.99638323939465
920;2024-07-07;106;263.158525588199
921;2024-10-01;101;379.6295139706113
922;2024-04-30;103;447.86549349248673
923;2024-12-23;102;217.99137561223174
924;2024-06-04;103;168.5159994416771
925;2024-07-19;104;165.83048142377294
926;2024-04-29;103;379.36011405001614
927;2024-07-13;106;182.86421643106604
928;2024-10-23;105;108.82081815904311
929;2024-05-16;104;400.58794116356387
930;2024-09-12;106;328.59870085409557
931;2024-10-27;105;252.4295349786841
932;2024-01-28;106;399.3269031444942
933;2024-10-16;105;448.0489796408125
934;2024-06-28;102;239.5668628112303
935;2024-11-17;101;359.030987247662
936;2024-06-27;106;190.44246681220554
937;2024-12-22;101;224.8616047658712
938;2024-01-22;104;473.22807578398414
939;2024-07-30;101;260.6809399098853
940;2024-10-18;101;411.01505472439254
941;2024-04-20;102;-263.3913813172297
942;2024-05-27;106;266.17091634608084
943;2024-08-29;102;249.4881295680076
944;2024-05-28;101;484.36407611812405
945;2024-07-19;105;65.83831393409976
946;2024-10-18;102;56.03283287507975
947;2024-10-03;102;429.00451522524446
948;2024-06-25;104;354.3216483631053
949;2024-04-17;101;429.749473248774
950;2024-08-31;105;129.14140957045194
951;2024-03-19;102;299.4307655051398
952;2024-03-14;105;491.90991324118016
953;2024-10-30;102;297.53486236479284
954;2024-09-02;105;464.5210957805584
955;2024-11-10;105;271.9713942636014
956;2024-04-08;102;267.61597934548774
957;2024-01-08;106;346.86938043278246
958;2024-01-07;102;445.32947625537247
959;2024-03-14;101;271.6156189210484
960;2024-06-23;104;291.66910324348675
961;2024-07-13;106;493.6656945188127
962;2024-03-06;106;478.48199722570786
963;2024-12-15;103;364.80841247185157
964;2024-06-30;101;297.42455304138616
965;2024-10-06;101;303.6241884797473
966;2024-03-26;101;430.27105132436355
967;2024-02-03;106;212.20659874949368
968;2024-05-29;105;177.9017523288776
969;2024-08-08;106;327.00834767323425
970;2024-12-13;106;280.5824882336221
971;2024-04-23;103;162.35556694748576
972;2024-01-29;105;260.61414273633625
973;2024-03-05;101;371.5808016069917
974;2024-11-03;106;271.7734561336558
975;2024-09-22;102;371.1915345365594
976;2024-06-11;106;287.2303564005182
977;2024-01-29;102;434.09872996784446
978;2024-11-28;105;146.72952581419193
979;2024-06-17;105;251.88946161096288
980;2024-12-02;102;202.8879320161741
981;2024-04-28;103;461.9600962572416
982;2024-02-23;102;251.14066179521993
983;2024-12-29;102;344.53408023837994
984;2024-01-29;106;177.14694887547682
985;2024-01-01;103;190.2031598503933
986;2024-03-21;105;80.70317888617502
987;2024-08-09;103;171.41704503828532
988;2024-03-27;106;441.40897604546296
989;2024-06-26;105;467.667356341733
990;2024-12-12;105;373.09462619181056
991;2024-09-03;101;-150.91386658281425
992;2024-06-09;104;264.0139510343148
993;2024-09-08;103;202.7976968091345
994;2024-12-22;102;360.30620490473257
995;2024-08-22;104;120.6584772589833
996;2024-02-26;102;-396.172085066702
997;2024-06-27;104;253.10990411236156
998;2024-10-08;106;166.85933645672336
999;2024-11-09;106;290.03715445022306
1000;2024-04-06;105;327.44154120514264